{"cameraMode":{"drawMode":0,"name":"Shaded","section":"Shading Mode"},"sceneLighting":false,"audioPlay":false,"sceneViewState":{"showFog":true,"showMaterialUpdate":false,"showSkybox":false,"showFlares":true,"showImageEffects":true,"showParticleSystems":true},"in2DMode":false,"pivot":{"x":1.498434066772461,"y":1.986308217048645,"z":3.6786136627197267},"rotation":{"x":0.061309926211833957,"y":0.753209114074707,"z":-0.07093796133995056,"w":0.6510775089263916},"size":5.126525402069092,"orthographic":false}